F1,F2,F3,F4,label
0.9095441421284277,0.012227025239027745,0.007445374361563006,-0.04440049784100539,0
-0.5757565151211359,-0.047151346049891706,-0.07330372773985304,-0.030429531307853867,1
0.7659633896798745,-0.07239688372988264,0.6126664068470196,0.07170696237693862,0
-0.707183135946857,0.1158857379873306,0.0005053794132974937,-0.05712598207588955,1
0.4472728079440345,1.0770200113550796,0.1590136057160713,-0.21126137675992737,0
-0.31354919967166933,-0.4640051635810142,0.14678566480294208,0.15497290277711315,1
0.08303341878443665,0.39486589342440087,0.42285114957768816,-0.5174039096070591,0
-0.25020381419339327,-0.6982747827323096,0.6742832025090739,-0.6814481566975553,1
0.9903364879408121,0.6624237529617031,-0.35816939758550814,0.38899245259650783,0
0.8533830178055847,-0.7527568163833724,0.3761368149390196,0.2886435804219328,0
-0.2892153640831207,-0.34752811923304,-0.06934309316130027,0.289878963076523,1
0.9149117017702841,-0.19347250770348082,0.40423400202612686,-0.06323395106454145,0
0.5324449284515028,-0.9368273624855611,-0.2763113418642594,0.16324727778149023,1
1.0346818390000003,0.6955241452713208,-0.2764975971340613,0.5675495181995698,0
0.922913115677797,0.04162205054075174,0.12571038962908376,0.2599131724264411,0
0.27717921284833336,-0.15873600697315376,1.1656145055141254,-0.6736123078423945,0
0.3628930585638713,0.9244901349599912,-0.2474600462435873,-0.03725287755480406,0
0.4603145449669754,-0.18234095658566488,0.5464191996466357,-0.1557689114711951,0
-0.5016748811725948,0.16105393314506444,-0.015616469575367489,-0.25555997667527386,1
0.29033958431186085,0.554067691001447,0.20722760630990955,-0.02469070806199917,0
-0.20335150986733164,0.35627451165966884,-0.6773651464598485,-0.02485847382676351,1
0.15241461664272563,-0.9092895265559826,-0.19092193245517572,0.11307529970015737,1
1.0109775479729584,-0.06752463018834359,0.2603228491287743,0.44660612952873047,0
0.6170589870837453,0.008558022714401037,0.08898825374337899,-0.5114195984822851,0
1.217510083015727,-0.28425610742434354,-0.3286207321964306,-0.21987982664317135,0
0.856739347210801,-0.21271819998067992,0.09876361865491227,-0.4222168951916633,0
0.8196520893834636,-0.23025243226122155,0.3910858630319311,0.15404939547136154,0
-0.6569704310343172,0.1114155671577717,0.05246569312513117,0.044495324054629845,1
0.6292060091644613,-1.118693677750049,-0.48598157007776205,-0.07831086563859965,1
-0.09931413070224086,-0.5172864178591778,-0.1272315485889315,0.33429698475686864,1
0.20651098259802803,-0.6351319375114525,-0.4397570862270552,0.16846676502734786,1
0.5404338931730477,0.7615677067044142,-0.03057922663405537,-0.028640849464645072,0
-0.6439694063128294,-0.14410577852585368,0.20718141080314376,-0.13179220181496906,1
-0.3527344761074811,-0.5826163022773445,0.023370492791837196,0.07998671717328636,1
0.24759996240866,-0.7009899118434548,-0.4455047103786477,-0.2590224341737452,1
-0.2724774949401001,0.021058405134687777,-0.29555505645906455,-0.24280082653489402,1
0.18074830489036417,-0.786396634400431,-0.059186986047672786,-0.09986706399290343,1
0.8516955244407284,-0.18726309269166536,-0.06780715965280298,-0.4968278586612762,0
0.17835107783602008,0.561628251127985,0.15439118143758235,-0.3754099357245164,0
0.9038810399123174,0.3441251930817427,-0.3690624836797275,-0.19954433642543334,0
-0.20139083118779444,0.15051693804265534,-0.09619612597259554,0.2528616154668079,1
0.06952648334586735,-0.49538320264376856,-0.15122275581745592,0.1837447083943152,1
0.07428920432414765,-0.7701725236441654,-0.34192599517078276,0.1208979762414949,1
1.384651013706503,-0.027355662110247314,-0.5201894644285349,0.20764960894968187,0
0.06792841749571929,-0.6287601459297599,0.12083157207291527,0.256222299441213,1
0.47701196691231673,1.1285159839491319,0.09582811797189716,0.08610360988131562,0
-0.4226887029811554,-0.053236721279508625,0.3116061315871217,0.4072693786349741,1
-0.6761085757829762,0.03514677038048414,-0.07357514086845521,-0.22904190495134263,1
0.5013838822994897,0.12192101772061942,0.19258560302997696,-0.5222532630494868,0
-0.6294324381119393,-0.6386280774327158,0.9530792744174311,-0.5344861275457431,1
-0.6298544107822002,0.029396112841645755,0.03725075842041036,0.2077255452925475,1
-0.639476413417997,0.0009688028906249396,0.2290508180753808,0.002808735122332068,1
-0.39831774327786856,-0.3307398841763427,-0.03856510622668961,-0.21969822453050983,1
1.3156806327892183,-0.010679675841947955,-0.41278837090810544,0.15488540332197015,0
0.24468202425940144,-0.017255291591606825,-0.6976251237427801,-0.1741418103928371,1
-0.8487898296614733,-0.09251097244765197,0.3748074100564187,-0.11714735695398092,1
0.9974745437801873,0.37275214193876666,-0.16001485188500267,-0.07585213291748567,0
-0.3347609130819208,0.569586133984529,-0.8541352580713899,-0.0946003854979492,1
-0.039021337372732195,0.03353427423438893,-0.17611428071907997,0.6970820986335748,1
-0.6113933061990349,0.44343528552846945,-0.2907867698923099,-0.09644440190871999,1
-0.9892291141050109,-0.3261790099344053,1.046876490048278,-0.3344080274218105,1
0.7259696023080058,-0.29376396997720844,0.47590791446644876,-0.03582745245530264,0
-0.4725025312823755,-0.6423363929809087,0.18249695760461457,-0.23171351060229556,1
-0.4074990475884135,0.291168324834567,-0.14224881280541402,-0.021346463565628485,1
0.640101817750935,-0.3192361948047975,0.5261220881994632,-0.06846333571846507,0
-0.3018873040060927,-0.3073443167033543,-0.18835113946668083,-0.1435048959954614,1
0.3567115683819482,0.48161027904365383,0.07494142597675878,0.17813580007598712,0
0.04063443383603277,-0.46425313299892723,-0.28462966593067873,0.609189472322872,1
-0.667907887434332,-0.0711453315926282,0.16213619861587913,0.10434226041957516,1
-0.2173217104123687,-0.008245108117085884,-0.3053412357726545,0.1639991647234007,1
0.22727538095123553,0.4918632172787878,0.3482583794891498,-0.16207820034907872,0
-0.2300370056745762,0.05720657754500013,-0.26493232751385404,-0.16662840531669668,1
1.103763779865895,-0.5521378889189547,0.13092301411232743,-0.2911140196650467,0
-0.27740387843564923,0.1277557922385783,-0.36943012506003986,0.08509606856880685,1
-0.6810554940764918,0.1273106885837443,-0.14331905525028243,-0.11207785462000829,1
-1.0804977456578224,-0.18901510373334038,0.274415128483245,-0.5520193189744451,1
-0.1831984882719138,-0.7969972740858209,-0.04858308540582111,-0.1235783706805919,1
-0.34194445142991714,-0.1123131638015827,-0.2748454871917386,-0.3024735034548761,1
-0.01268575455652464,0.4737829895293217,1.2460185830208164,-0.12957078502380268,0
-0.5560009467885387,-0.013383721312641261,0.04838127092230384,0.027803560588966533,1
-0.6239358702977076,-0.14804417105374088,0.3711344844689871,-0.10404714083459839,1
-1.024715246014281,-0.39539774110640935,1.0591571347149236,-0.3593391946647972,1
-0.12911311107977147,-0.39091829101053893,-0.370072560408244,-0.3191436517574807,1
-0.7246649988548268,0.15004298812863226,0.04171837634983078,0.03453393137137949,1
0.7171479476037032,0.012401707035611075,0.12328109502362584,0.37158502193537024,0
-0.40466963043088233,0.18061041588356444,-0.28676825264858763,-0.004751034397530829,1
0.3540545462992541,-0.7464622596811694,-0.7188520520260077,-0.7636355640645509,1
-0.490426890333569,0.08521097321261041,-0.14908513966247017,-0.049979655378485574,1
1.1915963677525219,-0.46115608872940717,-0.08423511107839969,-0.7379007055376424,0
-0.6249688239791193,0.0009545759150158539,0.08303885794602492,0.11534569107179038,1
-0.8360177755155884,-0.17566284820647013,0.465640535362458,0.040235797724965106,1
-0.16839278301536165,-0.14116092477901718,-0.266915708412734,0.16851441676914486,1
-0.009995576820134688,-0.3790615055786656,-0.609648435120927,-0.38266355238007144,1
0.8127985699312963,-0.42757502040641643,0.4567011677587274,0.46012342292457237,0
-0.41202810474254303,0.17849588226116295,-0.1123914812385844,0.24671335182442788,1
0.0835121306152062,-0.20862157169232015,-0.42914327334945757,0.048603299714405336,1
-0.617287794316882,0.0019707174593644183,-0.007772913626163509,-0.1449280144158553,1
-0.8270393989957378,-0.0033131239597272433,0.25353122412529794,-0.20343019239175447,1
-0.44399457275078474,-0.14625437409260192,-0.024875744128388055,-0.5236488554847027,1
0.4399282256810589,0.879144901594441,-0.3560334380084798,-0.07093374442555977,0
0.49882401763656786,0.48595303956220726,0.4928495657968289,0.4400128610316166,0
-0.5446466256324937,-0.018976505053712595,0.3788574405448393,0.4172104089927144,1
-0.6098540923694613,-0.008873039778847958,0.0991118665664974,0.5820199405628128,1
-0.686237150546048,-0.01270810922902249,0.020318968013201467,0.01472791744730742,1
-0.5200834568163212,-0.08964739403878681,0.13629142208303507,0.04648526756711191,1
-0.5362509439481089,0.38529782158314835,-0.0810069379831234,-0.04095786829258148,1
-0.5072363994145832,-0.23781467946619728,-0.1762670459184532,0.6090339418695516,1
-0.126649285211801,-0.10962023269478163,-0.1837899230765755,0.062211043528520124,1
-0.5612021209235453,-0.008130856644589818,-0.07536111646026503,-0.3146491600813579,1
0.06483648706390502,0.5897101517325647,0.2475728746642361,0.021993152683757594,0
0.443768299388951,0.6566471323110826,0.1886627947364912,0.03922986231997097,0
1.0301760939367965,0.22764608941357906,-0.1440770794100662,-0.19710071041618324,0
-0.6376397871336413,0.14866528399720222,-0.2049652068723123,-0.06963651855562414,1
-0.5565422168163215,-0.3215669331537063,0.22988526897745673,-0.12491872925606012,1
0.8047507943946146,0.222917337870841,0.1564259985817959,-0.2580018413228179,0
0.9712709319244794,-0.3350228243072872,0.20497783362941882,0.6282893234518802,0
0.5398862759326799,-0.11340784349022592,0.5072547486701775,0.1238957357073848,0
-0.5177895659470927,-0.33518865905356066,0.31546228447320807,-0.2885630263616641,1
-0.5309581847446192,-0.08575043735126855,0.040754502341646626,-0.25821371153209416,1
-0.5319422639543335,-0.15993331748798964,0.01205302512483862,-0.0674405125947582,1
0.4310162054144835,1.1662573032845553,-0.21508107010635552,-0.03282776450852898,0
-0.3211457963589445,-0.08719974269974012,-0.23573556462193698,-0.41250784582302635,1
-0.4975842938176244,0.186404579340405,-0.23548603313395927,-0.04957108505506738,1
0.34189075169764227,-1.039031782585907,-0.161250695637508,0.6630193568681202,1
0.04251947100091033,0.41257692412311087,0.6590045374150609,0.2612351849619431,0
0.09332371631867023,0.8089531070887144,0.3378314880983291,-0.6079523958664222,0
-0.263339601363055,0.12974825227547426,-0.346021088570597,-0.029120462075807218,1
-0.5587612611609268,0.2887268847419477,-0.12816879100033735,-0.07541922795482939,1
0.45714758864626126,0.39688083054998613,0.04362690157098992,0.2387321669271264,0
0.6339698069383035,-0.17251607693166576,0.33037596978075956,0.6470351350403369,0
0.6152397260116891,0.34397859071494125,0.33044671114961754,0.21666769736806252,0
0.6751951474381751,-0.1396726427152108,0.5597001662927995,-0.3738790740447589,0
0.5481458867505186,0.6865228769535346,0.09206363714349922,-0.008731122814695236,0
-0.04187315768316892,-0.5051090396434644,-0.4029907404039434,-0.40940797426218534,1
-0.5623625202993653,-0.07880960175147186,0.07768960936160677,0.042679832961334485,1
-0.3800315402004638,0.001966822526261687,-0.052034265908929594,0.13015874664379146,1
-0.6684817154390467,0.27839776127634386,-0.07923379100601692,0.03273574915344693,1
-0.7097231255935461,0.24828653506179119,0.0033525265898898815,-0.0419161647715645,1
-0.44927840678327974,0.0014055078615993338,0.09403258865522512,0.5357779433519224,1
-0.2517489249844337,0.045338449563703004,-0.4360250766472758,-0.2153533393851786,1
0.0011548172306517501,-0.7247496264511727,0.003177632937417213,0.6261442506063752,1
-0.11676110487054135,-0.2895980578614493,-0.4028602659702169,-0.04582483264963328,1
-0.5894075919883504,0.13209933702130527,0.04870200703430325,-0.15332645788253754,1
0.7651819161713884,-0.5164955786992006,0.4827386546530495,-0.29618172893947065,0
-0.2500841323962071,0.2619044480398074,-0.2778564953692432,-0.04191628110677653,1
-0.7841999491145011,0.036289694443811665,0.1371885074189088,0.1554930585508379,1
-0.08454597863034097,-0.7015291801890694,-0.482847828772964,-0.5654511947079349,1
-0.28640673846522574,0.20939700249279483,-0.3594473788826585,-0.11115156503436864,1
0.357789949628954,-0.8988979682084127,-0.16380145559170056,0.6684036854380924,1
-0.6641516250637335,-0.087587814987616,0.08829064379017483,-0.018757060803578515,1
-0.3775033523707624,0.5339692976452002,-0.5450316183925775,-0.017721245394389823,1
-0.28416015851998944,-0.49867445298671287,0.19747112094589542,0.2151510517520255,1
1.0725752486995639,0.11673303405020277,-0.19352392568786247,-0.18168134793475538,0
-0.22909600208520675,0.7817726103589241,-0.7593465960940896,0.1329551490438824,1
1.0371069180607553,-0.17774637978163815,0.3169047901861207,0.2914432523152539,0
0.8547651730049423,0.29307436202211556,-0.2333284733541749,-0.21437991349697633,0
-0.6448027832229294,0.0735877030725048,0.1760006497972454,-0.1218972473307061,1
-0.5867906037334427,0.23225196210269886,0.025995693262334058,-0.0291429065036473,1
-0.6296247689944476,-0.007282825681805799,-0.02932693224787615,-0.03494045104802303,1
1.5239403648865868,-0.3906419351411462,-0.34506269638339604,-0.813709060319801,0
-0.05064734396783288,-0.10415389330246673,-0.47529429802143397,0.21502917926050488,1
0.06551440330277496,-0.40995772950530607,-0.5692592670913983,-0.2617801810782308,1
-0.43216402651231844,0.44120817498033404,-0.49959411012479205,0.14782788153580104,1
-0.6226272153430277,0.055265373196426854,0.03941625869104196,-0.09319853604184225,1
0.3004641560959344,0.3722562713963458,0.463771620283188,0.4889636730382981,0
0.6382981081045671,0.03659123444639922,0.14423072357355265,-0.1975713837897508,0
-0.38611335033892247,0.0884486398733057,-0.02908971938973383,0.07956632561548486,1
-0.24805629940766738,-0.348316131837948,0.11726100163844409,0.20269377385624704,1
-0.37215708873405134,-0.31528823882197327,0.17454767107539507,0.10285158231100726,1
-0.33882239522759877,-0.12983741611475486,-0.18934476451809903,0.22571556936424347,1
0.48889439781842026,-0.21562258406022977,0.45860174825861205,-0.008552621652238936,0
0.5579242322393405,0.309281790641494,0.20046968287014458,-0.2391048057209778,0
-0.7458472969730884,0.039457905757033354,0.5430685144473697,-0.5541729707820406,1
-0.6163876109906113,0.3521669098164819,-0.28201490859742984,-0.34180511455126905,1
-0.5168072842591336,-0.1381662102604329,-0.08626550053760651,-0.10429375426435886,1
0.9406736296688346,0.32235745493051765,-0.10359812238805877,-0.2416946574384588,0
-0.14468046433447773,-0.7141310475891788,-0.030825664038389287,0.06603117407667283,1
0.4378526443845413,1.0340841596626982,-0.47381098746041767,0.12822248799001085,0
0.11773498081447746,-0.5618466847938975,-0.115902940479199,0.45094604379822717,1
0.6457385420714636,0.06462331133242266,0.34421234043569343,0.13869201666147027,0
-0.33709494226676356,-0.650646480433399,0.09232039292860178,0.019965675665097694,1
-0.5625783605745944,0.3012941776605714,-0.01625049925037937,0.15630959015458717,1
-0.9979735218409127,-0.1181485823481955,0.003743472523851224,-0.41041716987609844,1
-0.531664677144552,-0.4836693499318085,0.275560318218782,-0.17861993351808778,1
-0.11647773264432724,-0.4891968163154805,0.08123843910118829,0.43606117631479036,1
0.9821420934961113,0.16668282030699177,0.13786361400902147,0.042197486413642724,0
1.343705807141176,0.12325229975113178,-0.38055699892240424,0.02384983554548656,0
0.47986058645101604,0.7307091271856554,-0.19833830328528357,0.0904138459674213,0
0.6064407802677833,0.18259221024084893,-0.02475840218860801,-0.5627139118551826,0
0.4811797099471652,0.49970389873792687,0.038675252006088366,-0.21132738606791363,0
-0.6101661164873495,-0.23533274920159244,0.36330279293234424,0.10367353128145426,1
0.14876474850900226,-0.38573720067962036,-0.5595405143677934,-0.4075329159953081,1
0.7048423648353017,-0.12756162679588987,0.5674013527061023,0.08296240766519085,0
0.8055263035987956,-0.3105386271449436,0.9084195946255217,-0.7322803511888798,0
-0.1346746768952879,-0.7649873893350745,-0.01739986589249954,-0.3596580988110714,1
0.6653581410820288,0.6063113051561152,-0.17478581961457992,-0.12332105208579595,0
-0.7281807934506412,-0.10591163216477437,0.41355184773688125,0.1757458022458892,1
0.14508495829373536,0.3514429481385839,0.5865165082036218,-0.1799115636362262,0
0.35598154069567,0.6217670596833875,0.059500963343774964,-0.49616728516336955,0
0.47451674437001146,0.5299695072484689,0.20762276966798673,-0.11749456466928328,0
-0.5945612329840003,0.24080312219960529,-0.04777188370014733,0.2304962025815937,1
-0.38232075735494264,-0.050130683580408564,0.05597180416038306,0.5311100677177134,1
-0.4966874948418277,0.053836409387449685,-0.026558112052586173,0.21717088556522368,1
-0.5659782143158373,-0.14168784877099555,0.06592147701187677,0.08237072565307083,1
0.18501160757804194,-0.4815390575606464,-0.5841117301924781,-0.04809049618617969,1
-0.34332607842891194,-0.19376308212379545,-0.13740622438050062,-0.16261471357699536,1
1.3493768022780763,0.04255008976206048,-0.25033655880671535,0.17921429411922346,0
0.9660245113493182,-0.2501390339229043,0.13780438813658208,0.6400905210571505,0
-0.6562314023803582,0.2062065788464207,-0.06453648756846907,-0.08648953899856943,1
0.9619109756638786,0.11432919283963361,-0.019856939132680336,0.0806275586456037,0
-0.6534079040703822,-0.07760816926578654,0.07978408652109488,-0.15310414256143506,1
-0.37755136190441685,0.5347213790509637,-0.5620970785072849,0.14357610429080614,1
0.5622456573603327,-0.6559829812252169,-0.6550751177628199,0.48622911333530605,1
0.22092109066731624,0.8179798278861565,0.29775692045426944,0.07389564726803385,0
0.7551286616030157,0.012252835488998429,-0.09202605947597178,-0.4549306879612571,0
1.1282120807253568,0.12766889341586574,-0.29110047592318294,-0.6417539429302485,0
0.3599847832444309,0.5159269034551756,0.11120397492037816,-0.5380532561325077,0
-0.12830349223838655,-0.16161660817682139,-0.297071950356162,-0.1752832888305343,1
0.40011763282030405,0.20099760965598457,0.23887476007816558,-0.368791746446523,0
0.540871163742385,-0.1538689050050121,0.5311351683911425,0.03591567645546085,0
0.3823558305588584,1.2591556945340947,0.0778643922766175,0.11351358449215854,0
1.0072042208601542,-0.21917456623525627,0.19326528714219357,0.8380734607752565,0
-0.2967805920508084,-0.678720505128113,0.7231755849890228,-0.3711848073736006,1
0.4200773796356226,-0.5419440651723352,-0.5220152037588174,0.038450089908480645,1
-0.5879435312307008,0.029181154983264596,0.0657545248007421,0.09228197617847451,1
-0.6559730342704797,0.10956069559532203,-0.1471509468454366,-0.015805668388910857,1
-0.6231174837672047,-0.06386863133139492,0.16722300499518483,0.3703204788772491,1
0.39013652638110485,0.6848117430747801,0.33555115951813597,-0.20340693277907324,0
0.3208934423282324,0.9645076258546591,-1.021999524985761,0.058994093024704805,1
-0.5185057894949034,0.306297299044336,-0.2862737381418137,0.17543133485310006,1
0.4189711234334661,0.3632337263817249,0.4181295786226382,0.14910135036828043,0
0.9173361870588247,0.32467385986698866,-0.3560219256290119,-0.1358463761169211,0
-0.6761829443344922,0.10556559074672049,-0.13331782408232593,-0.04040767119254006,1
-0.32001681352631506,-0.2853484651925918,0.14485397829750774,0.17329334640152788,1
-0.6144881558210569,-0.035458593130549776,-0.10298322718764703,-0.2790006656076892,1
0.525881146445794,0.33230630666380345,0.5328814777594696,0.24942815798704548,0
1.1477875559794675,0.03357299995497326,-0.10569623226119959,0.24249819336584433,0
0.4060351554278338,0.8778760087747365,0.13010699805122072,0.39347137179768354,0
0.8650020581777744,0.05182151157482926,0.127217292207164,-0.15874457114045676,0
-0.634818820883622,-0.11393113216133367,0.2322514934324456,0.3984090043734737,1
-0.7171661695084528,0.07416391310420498,0.06248404266286876,-0.06661726906183979,1
-0.47929541766661143,0.057613307607809916,-0.23845346399452097,-0.3130844194140353,1
0.18438106111138403,0.27433819168806683,0.8496732563405818,0.03957488344701769,0
0.5521444641472093,0.32159789474735273,0.3098022492140071,-0.4308303276900601,0
-0.23405799398214033,0.2882144581300394,-0.43369512110091074,0.15978465751769277,1
1.2111777004200663,-0.16094895095094064,0.046381743297539274,0.14337556791917005,0
0.12507301590090053,-0.888479953167129,0.014904630506799368,-0.08802197607168531,1
-0.16057905122064042,0.9598688807283268,-0.8968229782934407,0.37117957700597987,1
0.11535278930667002,-0.1625013300823868,-0.6161701060237139,-0.38593293237879656,1
-0.5666449757265878,0.039474678326063606,-0.08870333147005778,0.23647203094869662,1
0.004553200094690041,-0.8520794167863958,0.15265210135161095,-0.199924810285862,1
-0.41757691698648336,-0.1793636184666037,0.10028842395096901,0.4412385553505453,1
-0.5981178995758526,-0.09591976166050323,-0.013783015485427173,0.08261854893962664,1
-0.6753598524870681,0.16916917364447606,-0.11750760892148296,-0.04047169543196316,1
0.9197229429235402,-0.39526865892132135,0.18917948682516458,-0.621341464738837,0
0.08655376314878088,0.6914675015617503,0.34533802993284163,-0.22023542254890288,0
-0.3907977869769055,0.029458896664246233,-0.161309969461882,-0.2174925037011385,1
-0.5318385687056268,-0.03854227236426572,0.021375661313888655,0.06821503042897122,1
-0.26933413897917896,0.49016152930927104,-0.02579691074565601,0.38371224975886753,1
1.2827483256576668,-0.1303025955069686,-0.1985288848156994,-0.30145855057296916,0
-0.041670251884246404,-0.0008871534396109691,-0.09564224079449239,0.49749143757210634,1
0.17017936004619597,0.29513966617345977,1.231221963050726,-0.28012692839112296,0
-0.44401832975020106,-0.004508061763783988,-0.19980039046172873,-0.27729591245043916,1
0.22692430540925004,-0.6533679706426818,-0.2965032498815287,0.6443710146857751,1
0.4042155286968624,-0.01561025020709586,0.6583686946014208,0.08028559352040471,0
-0.061423502502570504,-0.34912543722247724,-0.3057529485145621,-0.03259847733269712,1
0.022671428221115134,0.5713856013847324,1.2339309151913374,-0.1374145018484092,0
-0.36437197121222453,0.389470152804959,-0.32305916317333566,-0.1552990581496984,1
-0.80848085086651,-0.062409866544094056,0.4861752817792988,0.19443908589061332,1
0.10171142027585797,0.25062429238812767,1.3030329411245294,-0.1422026825622389,0
0.8916161427291479,0.026172685886598962,-0.24099570973815082,-0.6349137415685187,0
-0.6175310095826751,0.11106182604593914,-0.032234689483660414,-0.12550950165118818,1
-0.23669310813091904,-0.4927902653091756,0.08865097564848197,0.443822526494231,1
-0.6800395388809821,0.3179671177216596,-0.4271572603669376,-0.31894669897975036,1
0.39695286745407216,-1.261895544280106,-0.13529192368858545,-0.2440653377455164,1
-0.4402577695791752,0.3628408281002152,-0.49675705872920173,-0.3035761203930586,1
0.4049913936161338,0.01724826118462866,0.4294459822477583,-0.4746042915937544,0
-0.6537244012048242,0.2375050371183635,-0.01968608414808562,0.06901148270339384,1
0.12328331466691997,-0.8060930420468064,-0.0713950518896719,0.3839314527244403,1
-0.5184909937142121,0.20726697831890356,-0.015809851936797764,0.010711028441736228,1
0.23647383695271315,0.4391389248774432,0.6458640204635948,0.42016174918522503,0
0.21213587903418402,-0.5197489761049607,-0.4700471928031809,-0.2793851846026659,1
0.06023156344046649,-0.3959975926915218,-0.3723248592250986,0.11218794110865338,1
0.9106452503106539,-0.33532746240794975,0.34169686344563116,0.3469719316205654,0
0.5395404075521355,-0.2169608843497507,0.449514036178931,0.4347241782928342,0
0.2551650358415609,-0.513259705698171,-0.4439295769706428,0.06990585926292932,1
0.14274154941966466,0.3999095773086585,-0.9523271365261926,-0.011796174849816085,1
0.40050289318051285,0.8702663458397665,-0.19335249933916676,-0.05294739517580034,0
-0.5185442487356452,-0.22235161819243465,0.13867630834283565,-0.18144665782504998,1
-0.1981909998025437,-0.08101773436777321,-0.45680328998134295,-0.2603584184114213,1
-0.6846050941851485,0.25577385104977246,-0.2862030941245627,0.019009222450261182,1
0.11078153020018174,0.7450263825937395,0.3188993639742884,-0.13583773717956782,0
0.5036323145447882,0.8106778588389973,-0.12650875427012787,-0.1110616958550636,0
0.22183542815521307,0.9381793491125887,0.17223543385394816,-0.33498411159687774,0
0.045395678055699606,-0.6219064386519754,0.22558651399764973,0.9025224612405824,1
-0.07408764052423196,0.03291774541166336,-0.285179101230833,-0.16185614400704557,1
0.41948493659313657,0.7717832219536389,-0.001321861995038507,-0.0340801752733805,0
-0.46883765519902637,0.40379202051805013,-0.3607866963735938,0.24762088231855242,1
1.1127547652516427,-0.48321730141458963,-0.1519741261432787,-0.7229535674500086,0
0.2747550044460968,-1.0024401076752798,-0.10564826565542393,0.168760267868545,1
0.17294113909350053,0.5125482542520353,1.2350726058930759,0.06485326005911682,0
0.2924413967681193,0.676756865810297,0.31015628973655474,-0.11626328903366584,0
-0.2662630412441657,-0.23409462154441738,-0.5003174766319984,-0.29776107087111775,1
0.4962280608752938,0.13212723684819133,0.24505750131737636,0.10490895767265844,0
-0.20276422617177517,-0.40821664185931145,0.14180341816452008,0.5413543886846296,1
-0.34198676526293514,0.17965522488544267,-0.39330701809000956,0.028206188195685183,1
1.052093224282403,-0.2576617058072165,0.12287258789379872,-0.17575809135747594,0
-0.5996284050682108,0.22069478198112757,0.08328065450478506,0.33321452219249464,1
0.2358990571380808,0.8446555300608403,0.2952027419864969,0.06069061867338606,0
0.3757713127492517,0.6487629749235385,0.14855674873297134,-0.08991223622768003,0
-0.20402143076876048,-0.5234828795913322,-0.21672167304856704,-0.29013938439817916,1
-0.5683506856372933,0.47705970178012647,-0.32970914426474773,-0.043273050150072115,1
0.3596532066192909,0.49044629368123405,0.3921809391241261,0.20724319417320802,0
-0.4823387840998951,-0.03793384328051608,0.1857580834702142,-0.057403694590066244,1
0.7871400672469001,0.04567281095505912,-0.04810738535206843,-0.3183753239901911,0
-0.46576207433094474,0.07507093847424198,-0.10354919996826152,0.039694033635839204,1
-0.44755492672364966,-0.2743806185935326,-0.011530749174701108,0.1513707968725397,1
0.5026086585440571,0.2684279547259124,0.6041298680724589,0.4417205827036122,0
-0.35408176178235184,0.14392980145175693,-0.34457526175030373,-0.14932633670872675,1
1.1025976894952838,-0.44047781462776536,0.39568241511625724,0.6545194284920857,0
-0.24792144813672176,-0.07629781038387073,-0.05667540294482824,0.06189160501652295,1
0.22577443492992855,0.39537324498659027,0.302299843948816,-0.18404624273403708,0
0.25264082772500346,0.3425130560192191,0.4438858913700976,0.2461909309611622,0
1.1923050928740535,-0.3235095665474943,-0.1750955753900372,-0.4230970078130211,0
-0.5382325539763518,0.14473174803645938,-0.17441306153426184,-0.03717291360739522,1
-0.41511089015890457,0.21947994797805828,-0.08100580266683435,0.35793058400434796,1
0.2977318123732778,0.6865295149569115,0.19088135086432167,-0.08224038071250298,0
0.2757775663364451,-0.6964708520926564,0.003711486059599974,0.15560402151313457,1
0.22342588104827343,0.6646280403115122,-0.004143604314071417,-0.18543864091884507,0
-0.14963628566087114,-0.35306943983508476,-0.30639958589335065,-0.20115405663858335,1
0.1841120779077842,-0.5585324021399662,-0.2964913253523923,-0.12636752995315834,1
-0.6240084594971871,-0.06476697389283437,0.10899772414013789,-0.0892537130435893,1
0.42822829259007544,0.27922038700780244,1.1331533478715932,0.1898477126523364,0
0.20451461057842757,-1.1589137608046987,-0.0811027893844954,-0.16915329431589587,1
-0.7086162364519296,0.04160416295745287,0.14464473461973495,-0.011099156155376974,1
-0.2588742975793431,0.645312503899215,-0.5696369581732532,0.2695029543342208,1
-0.4479064062777305,-0.1904623193543915,0.6629460882247497,0.09278426810724981,1
0.6028424558102486,-0.22263499430195738,0.45740424605761654,0.15081528718660955,0
0.8885343140444558,0.2576089205469852,-0.11591370748982616,-0.37663233543816804,0
0.9245291863172183,-0.1221701600370502,0.32353319032879646,0.328910136402577,0
-0.5334688344202901,0.15257788401390793,0.04822609916052008,0.24467957501236404,1
-0.41603014211835604,-0.06771253646135844,-0.16179425841078807,0.16424054936090485,1
-0.9646801371453297,0.004224908132268501,-0.13640796473328984,-0.5790780914116352,1
-0.17400399537902714,-0.43182347694659795,-0.042063010772373996,0.27108386940973855,1
0.22495541427468693,-1.000627022726821,-0.14792180536718597,0.07829378139844123,1
0.30595080733493685,-0.48424884410900204,-0.7114992564204475,-0.05919149016340028,1
-0.5386820566770008,0.25168830039845,0.17284134248449812,0.06624840338523703,1
-0.7188875593674537,-0.23259273937772404,0.884674705586063,-0.257727366063064,1
-0.5352491832348955,-0.12765565377958976,0.060800615017824966,-0.07839075674028533,1
0.18643242732228055,-0.048950281984851976,0.05012040009970482,-0.7364754910344109,0
-0.3753181311397804,-0.33116553066040616,0.009842995103496118,0.10522674498698133,1
-0.23825113287348984,-0.3195228413677942,0.034499683287990954,0.37429278056332405,1
-0.2737398645395491,-0.4357010482617151,-0.3661116202189428,-0.02050477836207526,1
-0.660751886669539,0.017015308530076767,0.1418322954528228,0.024361754258130322,1
-0.527454170590415,-0.09188907910139618,0.06068606469746428,0.04667216427008092,1
1.0677377359452433,-0.459680870249648,0.26898751552223543,0.25803785636737375,0
0.2661094208675495,0.8274423540689152,0.21586364022385274,-0.2622591946019686,0
0.9220045545220235,-0.3602128009243831,0.5957185336227212,-1.0893586954204495,0
0.3021464277413989,-0.8113764656833184,-0.6318520808412114,-0.6347704422299835,1
0.6096205705144124,0.9824855798542325,-0.042750821998357204,0.28653384366346174,0
0.7169104991846984,0.6735880715523063,0.04384301562128501,-0.0411627293900599,0
0.32832817469093123,-0.8689341931136578,-0.05584828482470908,0.6563633582738979,1
0.35109205528573406,-0.6698345645849741,-0.8814892494590651,0.31966510039389084,1
1.0510703598475666,-0.3859310376638963,0.24613831662943056,0.5874947401524929,0
-0.1219753755836456,0.13404421910292993,-0.3936163729452773,0.11063072994167222,1
-0.3231444635477279,-0.12950232404422746,-0.12650856966281196,-0.33403705609173207,1
0.43593109621220716,-0.04766184363795656,0.5933289379241109,-0.0451026804753346,0
-0.7658402815053813,0.06455431046259091,0.20048479394605045,0.11714883103550977,1
-0.573338504277717,-0.09517708022470775,-0.12270270752515636,-0.034718339264291964,1
0.6056823100520989,0.33703531332382813,-0.1264311249143455,0.4362782421370176,0
0.7487517368874859,1.3304941715670544,-0.5098238632267773,-0.1583616896742748,0
-0.6472358937877227,0.3223018286396431,0.06564279490810324,0.08105325727560292,1
-0.724120450725239,0.2493993500048579,-0.018912525292494167,-0.05446740111374844,1
-0.5173566779615906,0.20287395020909071,-0.20691681621569485,-0.21845841339636773,1
-0.3618769438509061,0.3627000937001702,-0.31353594778583704,-0.21521887238857101,1
1.406765774870359,-0.20166596819347188,-0.5590032526463506,-0.4262029478842119,0
-0.6787656903957526,0.11497510652616282,-0.029530354839225698,0.2313496145798825,1
-0.6417725669263119,0.2996567732947699,-0.18403791029513775,-0.25113444213835145,1
0.5710483347602956,0.19577103765518045,0.46151213075892517,0.26515846750247696,0
-0.30418722408772775,0.29684740856298136,-0.7088318085025941,0.1738416606368922,1
-0.517568741251202,0.27223789770488027,-0.2181600526717025,-0.00733760829113321,1
-0.7271045911185139,0.08505410199505978,0.1108140162754116,0.13215149661235587,1
-0.5994082214159661,0.21779514150391505,0.10469613473881882,0.0773784165951166,1
-0.58956311128501,0.1577209031547007,0.007120018166045079,-0.05877829204598218,1
-0.5205446751496127,0.13019431126854314,-0.06413665801000429,0.17514113129749725,1
-0.6298361799983914,-0.0013678860929652037,0.26054131624129223,0.13497377002159702,1
0.5249544336941465,0.19633832858864717,0.17285061197786972,-0.21877635108995322,0
0.8668108940461456,-0.12337766446835138,-0.27093925035167804,-0.2520199083041379,0
1.0208053476714067,0.027957813892897754,-0.18624667902252184,0.22135312826445763,0
-0.38856116244865235,0.045554436931887765,-0.17622304950461365,-0.1084315327812983,1
-0.29255552874870844,-0.0072822590809766,-0.320523895819071,0.12558823010255551,1
0.5799265058361482,0.233818022024181,0.4764002324071793,0.20067924539194365,0
-0.5128600480226726,0.3641369569541356,-0.0960757205690952,0.18173043461028004,1
-0.22650858080997735,-0.340320048081008,-0.06184564711548284,0.15952385318100304,1
0.5560150646509493,0.21563219275387463,0.48463020393695694,0.2729322641245307,0
-0.33901483185734066,0.43483164781601413,-0.23520490778908315,-0.06363574290032911,1
-0.2795523771423593,-0.06946390001355902,-0.24433713105262797,-0.17907936908164154,1
0.09913669072512854,0.7581857195345438,0.3079315211592861,-0.06622017422685118,0
-0.6144430872100634,-0.32676259851641526,0.2543324617656424,0.04311325686631497,1
0.5091167755121203,0.5952109521759845,0.3011344708845824,0.16218614568728645,0
0.24903452570687437,-0.020884260268043922,0.6726027102589199,-0.07737833002057853,0
0.1359494751546575,-0.8890452070232718,0.0992519763001952,0.3631391167489716,1
0.6292648385474482,0.339794026153286,-0.09178531958226556,-0.1466602974310597,0
-0.08494238544508613,-0.6903097015440609,-0.32185812320540735,-0.443691435694975,1
0.6973510009603843,-0.0897648615121049,0.590049631666571,0.3079752743633859,0
-0.40885662811226564,0.3060094953892858,-0.15690676778899126,-0.15327061666486377,1
0.5671490455105491,-0.19995526595977542,0.5057435074086302,0.21296487830200095,0
-0.7177406601387016,-0.10566253580592028,0.36890635250423165,0.28333423004747665,1
0.9963840682416771,-0.054503812025321396,0.41628386359800107,0.23660420636109733,0
0.5798896579716701,1.2807160289888218,-0.35870071894877154,-0.020910036993738945,0
-0.18471282591846808,-0.09577095478266129,-0.5366609218245149,-0.27621020084005393,1
-0.4762385593868004,0.3044328478149847,-0.28455235996389344,0.03389306699741605,1
-0.2881405231028707,0.5897188780088254,-0.48482290794418903,0.2334606357702413,1
-0.5097922219141499,0.19740476402931384,-0.03271440836887854,0.2619156126469284,1
0.1493922546309901,0.9234447942177135,0.27479858144355707,-0.0712675918234081,0
0.5344390272742175,0.9459607067432567,-0.15741973180992086,0.07758630203182017,0
-0.6092837785824373,0.1840703867221407,-0.01631382334401657,-0.030956178489565236,1
0.641342244859409,0.3242669245452715,0.04253236667921434,0.0248001586935016,0
-0.6762121635336223,-0.21112605543850527,0.2851052385088114,0.17721360731114866,1
0.3057598762360956,0.4283902057398201,0.33278575143269373,-0.12833883239141158,0
-0.3448806856102187,0.4400975070446859,-0.6153386455413365,0.07077209599932612,1
-0.6211812682104958,0.06655267907498813,0.012944417582271772,-0.06435476845832733,1
-0.6220012928530365,0.4943254688839799,-0.3202875207347777,-0.17911842068899653,1
-0.5638390196155739,0.09358402693631532,0.03878463690096317,-0.017818513031892774,1
0.8907825673350314,0.27207128029396865,-0.14373734302541658,-0.26021023688316475,0
0.7110146758250754,0.6855205496433868,-0.11720744139334986,0.07442256130378203,0
-0.9966518226497658,-0.2531209065863568,1.0553892271210525,-0.11051571983007417,1
0.5879687957051775,0.6166921061602817,0.18472888108876212,0.3224426028603991,0
-0.3597189968793001,0.4886389709473742,-0.6423001334943291,0.2333879773727789,1
0.40732519929456457,0.312689986200552,0.05457910363963497,0.12391714504815984,0
-0.8370193924433529,-0.22627062922143446,0.9149817206438391,-0.26592115991450727,1
-0.3040199675922074,-0.25683963044098934,-0.17327561983538559,0.0657478891997283,1
-0.6840617363425403,0.038094233474817996,0.03648194220197607,0.04017162230744868,1
-0.3960877607252185,-0.22238660114609687,0.19195451761014914,0.46263998172956394,1
-0.44419676816947384,-0.15585518465353004,0.05206495231284182,0.18968759124705264,1
0.05780226400938611,0.4316107295259667,1.2376814016112083,-0.04580510081643177,0
0.3838336109135201,-0.6966999866265334,-0.5693892641577208,-0.31601529511355086,1
-0.19934597149263597,-0.30575057324480426,0.10255479249216315,0.26808883938905,1
-0.7364592498348914,-0.05530505866663174,0.18227674392777554,0.09902141957806956,1
-0.15765698985615914,-0.4085322031616099,-0.11474572099070894,0.09405948818601673,1
0.684760068218598,0.49865575441811283,-0.0019206456418969578,0.7629657336610614,0
-0.6302496768623231,0.07508947621862495,-0.04609319622669847,-0.16728037101112964,1
-0.3919773770300122,0.029784383670171055,-0.14578390051484025,-0.15231048561208044,1
0.5917281619715893,-0.1519091165019878,0.4837876257568155,-0.2694712547148139,0
0.3242891137399757,0.15181603931435006,0.5564751509290627,-0.1079197026948441,0
0.6454022885033546,1.506287519844779,-0.442814311170611,-0.10511247297594889,0
-0.53647021992909,-0.007218569124074634,0.014426327269387088,0.17385337828065006,1
-0.5569296935900746,0.3491078071160534,-0.45043690365521694,-0.03366609781737685,1
0.03422567704466417,0.772479846279405,0.29055852015846045,-0.20611844080130398,0
-0.5466903450531456,0.1359479943980623,-0.03554915350738662,0.2933869783706941,1
-0.7231103144874442,-0.003954875010200559,0.13600918035922488,-0.002552652036457659,1
0.19978428829673955,0.35008344299366345,0.6845855962895825,0.1810096049132447,0
-0.5885788671502544,0.3711159301026412,-0.30055866016844934,-0.04538366243752703,1
0.01010268267262937,-0.850032530319676,0.5510910860985918,0.28204705268590385,1
-0.5359775996050815,0.1891852264966661,-0.08206325487873864,-0.19861055289783747,1
1.1474615508564716,-0.34192629703416355,0.1466511897650699,-0.560747441488538,0
0.024804258711384752,-0.5901430283982758,0.12554476813619,0.6713786280492552,1
-0.4484038644034434,-0.11758804050554228,-0.1667326762395015,-0.3507353742739697,1
1.2566660436090276,0.09261880209565065,-0.5310161456690801,-0.37821748286328516,0
0.7693808373035254,-1.1411289180081519,-0.6740541748885819,0.18733777153557918,1
0.21470768830914613,-0.7226938617681848,-0.31362140574965386,-0.14042122832401807,1
-0.7504757476415921,-0.23140983452296615,0.3411510161161494,0.07817484938759224,1
-0.059651653519339,-0.4010852206492873,-0.5062903859903253,-0.5745023566155671,1
-0.2524827711253975,-0.38569105389985686,-0.28520360687784535,-0.1469527998740698,1
0.10890007601254198,-0.715874489529866,-0.22933615648177255,-0.035479206596762417,1
-0.6719497823904945,0.19237088810331088,0.21949921760895363,0.18940223290084868,1
-0.8461545322476801,0.011992517919848844,0.30939686735164484,-0.0345293978566453,1
-0.5912709105457143,0.3561073469095532,-0.2354646893642362,-0.07893459487347457,1
0.4593109334998125,-0.32327505089220787,1.1399282790253853,-0.5639178837677262,0
0.008802258897199211,0.1838674563793473,-0.5988328637936793,-0.15047531516967036,1
-0.28819996308792406,0.3293211598082356,-0.43203519960662334,0.19136529651785417,1
-0.5506349663031086,0.33758303791062083,-0.16096359678622948,0.14430177193728666,1
-0.6041785658056549,0.2676626826555699,-0.04571433378659176,0.11135254162689213,1
0.20985809502158584,-0.8357298107475255,-0.17866848872267707,0.4162259002417908,1
-0.4778780717174938,-0.3031537677762336,0.2742761490410886,0.08578323092935441,1
0.008948217012937465,-0.35233261504383506,-0.36667203681851246,0.7080955091060666,1
0.3312365108357251,0.7189989513155007,-0.1200975237737269,-0.24911832946976908,0
-0.14991730418308008,-0.37224468048220105,-0.18558925752902794,-0.13061832487976374,1
0.05095931193777051,-0.4388895548883941,-0.4294062797598041,-0.23310621836219766,1
0.2732420787154712,-0.6071487570583816,-0.5354848249969135,0.42498296197933044,1
0.6142964993291793,0.6048633027477403,0.00973354919595778,0.07564490859495862,0
-0.4377260202928568,0.2051412961708412,-0.3671549230344526,0.2677323463285949,1
-0.4914309439803457,-0.20268573258769687,0.012563775284184835,-0.2532505649752741,1
-0.6421538907073505,0.2855509841551346,-0.31675462985964203,0.017566623378516583,1
0.14257579465917947,0.4890792865084073,1.1746484612503263,-0.03671304828452187,0
0.24493687565225808,0.9963628211937549,0.01824534276253706,-0.07048420357144408,0
-0.3729509176826611,0.7531173849374784,-0.5431199234273403,-0.06543376990762377,1
0.3091848425129043,0.22395739441471268,-0.7500502608724988,0.681658975706342,1
-0.43120693488348416,-0.262807972491257,-0.006156299419256293,-0.04518646156412566,1
0.696283513883176,-1.0108037228587123,-0.22286818503963401,0.7195328304585242,1
-0.5662957246065669,0.14152348955229618,-0.157455785159532,-0.21342697023436596,1
-0.2631372943943558,-0.23826292890225895,-0.4173656560601914,0.17276141624147168,1
-0.33043375482933207,-0.16481698386960167,-0.2681158348381085,-0.2027577545267983,1
0.6850407812987738,0.18076657472192498,0.17406720940103837,0.026756154433807633,0
-0.9497762701654802,-0.43301752493300594,1.0376101856373545,-0.4013840634591853,1
0.4548057276900912,-0.9652808974315018,-0.11422365447258018,0.6836943353595106,1
-0.34087331866311044,-0.4577606738041601,0.1886279927045456,0.08082826339497176,1
-0.5833790248571014,-0.023443637599243006,-0.03813667501924808,-0.040642995327941925,1
1.1443376650115347,-0.0748613718601604,-0.004552243289046742,0.20444746932951713,0
0.13486350591604498,-0.0910635334852432,-0.4974382861980466,0.028755042413273438,1
-0.5080913708972874,0.06782779668813156,-0.16020243807689033,0.19745006716842028,1
-0.4731297645054503,-0.05444134737937065,-0.227677133833792,-0.19674773331507878,1
0.29489531756377374,-0.05317437499328956,-0.008202090509374968,-0.9383545073372241,0
-0.03980056031936882,-0.42721340200853325,-0.2956707360611926,-0.3030956039315525,1
-0.2325894003837588,-0.17102371640146402,-0.43317245279599426,-0.03753260239756555,1
-0.0346554385227803,-0.9261048651444592,-0.10176538121643931,-0.25711034461134064,1
0.5457241943373181,0.6392481011348865,0.08376114603468639,0.5586752414409188,0
-0.5235227044388362,0.3416436798240296,-0.050910209547082017,0.061602142981483005,1
-0.6476382255525581,0.18013601300587878,0.05052163527428541,-0.3050736478552869,1
0.37803775260160305,-1.1437831584679359,-0.16567610217823717,0.3319596725079117,1
0.8777175947051015,-0.5326523311781239,0.04339450587400229,-0.727482707001022,0
-0.5986107970265393,0.2850423802406422,0.07051858539471476,0.2747445250575213,1
0.19204307677787302,-1.2077251167616099,-0.030065576480850564,0.01601807459306226,1
-0.6628830691378969,-0.13885159200097671,0.3076982890244321,0.05162333722220323,1
-0.5788502176571773,-0.08445723503493185,0.12354982452592997,-0.14925277537309523,1
0.44910668957727606,0.4465495051020111,0.3729087410317946,0.156945634914179,0
1.1628397455867057,-0.11938099275366182,-0.2919679844233468,-0.12918853909994005,0
0.21448341282037894,-0.811452066353745,-0.20605301524719036,0.3289678511616908,1
0.09308647498392782,-1.1687541878412406,0.038156834021870686,-0.556919188325535,1
0.34828644926389285,-0.6701276284337911,-0.5008136980754422,0.46245006830373575,1
-0.6673908591034395,-0.01901467836244619,-0.13872017298809847,-0.22953669500504287,1
-0.33102021855080827,0.13548910568118372,-0.36485768219995246,0.01438096595808551,1
-0.6269077184711446,-0.6090996296595991,0.9657677200612669,-0.3974151392549374,1
0.88449888233494,-0.38457510610343193,0.39708682099624565,-0.09557547816195529,0
-0.4921643921594207,-0.19777539242998637,0.3227247218912607,0.1599667489783065,1
-0.6585373988847874,-0.10430695415015781,0.15731199554141115,-0.1968478434589841,1
-0.7196063149901624,0.05678793881270891,0.11984249738111562,0.011062411647823123,1
-0.46947618277761305,-0.07393296538196059,-0.020473848425441553,0.09676884580476594,1
-0.5818749165496506,0.41270786658779046,-0.1918947470952815,0.053862291843729634,1
-0.5495784408088251,-0.11044321663759973,0.2576815544162757,0.3860225318370397,1
-0.4982479727723773,0.1781796358762478,0.01804030667337217,0.010290703867606443,1
-0.5555289451533264,0.1174414592308698,0.07579629085408311,0.33185367594905757,1
-0.4634635689789479,0.3838111436176715,-0.5047705352324044,-0.3073562749183478,1
-0.48890932330019904,-0.5043640224736592,0.7213645784755383,-0.5262374547149152,1
-0.6227094166010129,0.28203825970851737,-0.11465251801731599,-0.2850630479761862,1
0.10286125623033471,0.21976089749632796,1.2663261473670626,-0.40512276353794163,0
-0.29844453735150156,-0.4083922467319438,-0.04569805693787493,0.691907485160152,1
-0.21542402610284095,-0.7885210055431583,0.08292454751251357,0.45744267038308917,1
-0.43920334414720974,0.5588596899538426,-0.465852719965704,0.12078316364164866,1
0.5660059969974381,0.7206680447532158,-0.31978742167793595,-0.14518253983019985,0
0.8174297321351112,0.12553821361503056,-0.23741967489889823,-0.5328150070394893,0
0.3696807890457616,0.5522294195880271,0.19462394010056808,-0.09287883972029765,0
1.0480166536592077,-0.4307276003846183,-0.19670439244663712,-0.4322800939105952,0
-0.4191919122688745,-0.10526272800696213,-0.3236404089635743,-0.09991971109841916,1
-0.5263067766347527,0.0747956540426476,-0.2527463504604655,0.02701176287958064,1
1.0221529930702806,0.2924600255229771,-0.2390912326433407,-0.011327332936323799,0
1.154896430699466,0.31410657978398615,-0.18464302919614922,0.27839624293965953,0
-0.2767156121736196,-0.030655768009599627,-0.16419541905595053,0.034368030421565374,1
0.06975467601276197,-0.001197256933313351,-0.5754568560401552,0.5104727135685623,1
0.16600003283629322,-0.04221758359142559,-0.6074425148869382,0.5740995681549289,1
-0.6182911036567944,0.14499624295773877,-0.024995715683589867,0.06014557831716616,1
-0.5037170341690058,0.07240905331284506,-0.2211559299786947,-0.2544995241490533,1
0.31423201922011956,-1.075672078783659,-0.23876403849578892,0.5263213528958227,1
-0.6727241526290162,0.10921127545384385,0.0115021822758311,-0.09245836279788826,1
-0.561912044645317,0.1134686605109865,-0.12338723796982815,-0.058721907112588886,1
-0.023298304086518173,-0.2933770002652426,-0.40464724469141944,-0.1876626152196466,1
-0.49413533968192974,0.12145347191252953,-0.28360791566944066,-0.06151957946558256,1
0.24630117183272457,-1.0812334070823617,-0.11115752359867243,0.21696605485809578,1
0.2110115195334166,-0.6372212155779474,-0.5330463506310911,-0.5941514668835225,1
-0.027167282759954038,-0.9320709960946334,-0.011022330778026872,-0.35449323579403036,1
0.8270568621204692,-0.44161661749893427,0.3829213750627489,0.24350768049152152,0
0.516480548797788,1.0202878307646244,0.09834880083710013,0.3364261164023876,0
-0.6006078987793486,0.23045158098313917,-0.22742572649711298,-0.14731668598333036,1
-0.2714914334239266,-0.35357474915462866,-0.04238589467738891,-0.25060316745526495,1
-0.6122850685604704,-0.05407449498058357,0.10911152514060515,0.33774913915558014,1
-0.6256465117985148,0.06508699974096276,0.14791613008282872,-0.11872895850911803,1
-0.6048357566286899,0.23866050347057882,-0.16537693351841032,-0.05849197737508349,1
-0.06742429961147287,-0.4783084179680938,-0.33755201462351203,-0.22773501975268703,1
-0.04644389629688628,-0.07474005745513493,-0.32401459682320055,0.18689593973353838,1
0.25295949285601327,0.6047698912141068,0.23510421128546805,0.07172975221605711,0
-0.38422878444911046,-0.5055704991593325,0.10548152771914346,0.15413237714110736,1
-0.494589177592601,-0.12043748202504548,0.0681581057414211,0.47303596835313133,1
-0.5164172190068859,0.10029075990815281,-0.05334225277004448,-0.21027648198696547,1
-0.6009275748800598,0.07550064574824361,0.037278798981410025,-0.07186892652380521,1
-0.3201563483667062,0.5357583071820269,-0.5077976222871434,0.2272348051313705,1
-0.5476048320209603,0.3392595825906565,-0.13489672534558342,-0.23818998461115481,1
-0.20772371567624723,-0.28534474098578394,0.004075686859191652,-0.30953144080558354,1
0.208642911101953,0.45581799438113413,0.5094712697421201,0.11610636751597761,0
0.07053716840123966,-0.8150636825913904,0.07388624639297173,-0.07793464384718728,1
1.1183912949260504,0.6472670052660483,-0.7088860400775457,0.017047088084073292,0
0.2659967877685822,0.9305684949630009,-0.027591614556404048,0.09960288439347403,0
-0.3458504370088118,-0.29127449243056747,-0.024125054656665215,-0.2963930820526674,1
0.5566693263844764,-1.2456207034646687,-0.3975686906520065,-0.08675696293900925,1
0.01250005103498654,-0.7932421418983255,-0.07177318556161301,-0.007249306442786652,1
1.0605740312574932,0.11692378545990978,-0.3354660938499086,-0.18478838199980538,0
-0.7372468514987283,-0.03633276282053108,0.29198925973199563,0.009172626428768899,1
0.7706425401770889,-0.31491226818506934,0.5163073298300379,-0.0006667569780186705,0
-0.34638442605483066,-0.5348713716134355,0.21220041725906227,-0.036484482307172494,1
0.9904479443903753,0.35206812284409783,-0.14850613926056438,0.42493728284760357,0
-0.9786956533221398,-0.15525255926041098,0.9174178281078577,-0.2513973856829409,1
1.064170976858433,-0.12958447550047394,-0.30461310170965383,-0.6095460197528688,0
-0.423283868224139,0.354159928617972,-0.5424725328524828,-0.15818663224313312,1
0.5913161993090983,-0.036612001546143025,0.4267351505147631,0.38173471931440034,0
-0.5312559144083179,0.24107795614161986,-0.06379172100370584,-0.2991552074199359,1
-0.02230665276327038,0.055482394264218415,-0.6350169930039382,-0.29735859484244576,1
0.37751634364629116,0.8695322261047914,0.29940153832213623,0.4948017788936771,0
-0.403580430039129,-0.3895526135191991,-0.019193723645140486,0.3933652013784821,1
-0.8047776222331062,0.10897523446585898,0.426862241034983,-0.3150979721725187,1
0.5127642616321836,0.2278787212698675,0.5611944373429341,0.627960505621804,0
-0.6377988931411729,0.07313167691282665,0.2606939943614239,-0.05788729073262508,1
-0.5477658943017537,0.04164140625939754,-0.11774620628928414,0.23347062802285576,1
-0.5655502237580583,-0.5348795833062212,0.8067635285207493,-0.5025036690143213,1
-0.4452798672513335,0.06459631986315414,-0.1998508445895904,0.15271769220643028,1
1.0713635883654078,-0.04748795758884272,-0.12126253869816996,0.014959100129119579,0
0.4458652381754701,0.07792977449295688,1.2188753379747428,-0.01596673799232656,0
-0.555444358218854,0.29426414147833246,-0.062351493910722575,-0.034113362454513074,1
0.518559112837893,1.220264544955098,-0.16952719717548542,0.07234457178678057,0
-0.6647946385787475,0.038984720327077574,0.04826115923060016,-0.04830739963415911,1
-0.2972569549882589,0.5473360742657062,-0.5571233043089057,0.2989798683441102,1
-0.6233000469674794,0.08610010934876539,0.10163559255500966,0.13159584053900153,1
-0.5066787473855934,0.04844048608199973,0.006201543243269908,-0.15478889900173431,1
0.6274843626956992,0.49773529704733,0.28312913185084737,0.14998107897051816,0
1.0214794205782964,0.4709324999646076,-0.42622757662636207,-0.10960860787593352,0
-0.23739402298649093,-0.12439464247652235,-0.31243756754943774,-0.26033326728921663,1
1.1482533292899795,-0.2820228353483214,-0.09203615395953477,-0.3419736407236189,0
-0.4937213957508835,-0.3114589862034846,0.21154301882312176,0.19548386518114474,1
-0.19511654868818903,-0.5162420493758342,-0.07617267852419327,0.23367860821765035,1
-0.760559400407435,-0.18102747800381594,0.2151926171319511,-0.13201480022128276,1
0.9798276260704082,-0.2545755331393289,-0.028770484376186414,-0.2902599375146182,0
-0.1361739810013384,0.39481802620381135,1.3374308245877737,-0.1813942949901189,0
-0.34462673469798477,0.24959976193801536,-0.5630601148324722,-0.001695998441988561,1
-0.4313458744861193,0.09050883931868597,-0.16547839782424062,-0.034210782094741446,1
0.40102136169966857,-0.3298568578921661,-0.34971835609641144,0.5852471133156923,1
-0.6453160517553587,0.3531267095358637,-0.19046638491520274,-0.013360928326937777,1
-0.6303944565718302,-0.12837580361979398,0.3085698358710209,0.15398821247482802,1
-0.31198438279944,0.045269611902065326,-0.6057491150640769,-0.2593295750927848,1
-0.6792504327026759,0.00012234637272393045,0.33631421034201225,0.4008301355344869,1
-0.5838712924432288,0.089440414149766,0.18379745188013247,0.4745246815902213,1
-0.0024845286373811615,-0.6312217078148559,-0.05211615586555608,0.39166605311569463,1
-0.5814436165623571,-0.15403547594102376,0.06321654631625129,-0.21707599662817412,1
0.5325821668272329,-0.14789890200221403,0.5845066906151415,-0.1837632192475941,0
-0.5886532149589407,0.32917551878685036,-0.34218137621047007,0.018982389535407596,1
-0.6039515559233245,-0.1500359798408105,0.3422216173880115,0.15830532821969062,1
-0.511734238494961,0.18051081563152294,-0.13238017782460185,0.2939762986074597,1
-0.1702747326463707,-0.8383816992239714,0.17278506512471448,-0.3572373760364794,1
0.8644748195581311,-0.6234332280121186,0.40073345143923056,-0.526024779175007,0
-0.07739329056846744,-0.7592081830758413,0.016517263949973368,0.27677584450895676,1
-0.5433250787592037,0.07495221393690546,-0.10579577932458213,-0.0066140781344709715,1
0.5898503472645952,0.2519865206171042,-0.023719269801301485,-0.5187503204288256,0
-0.599777073533946,-0.14246042201481532,0.09603694325703963,0.23051834721551695,1
-0.5259110933439946,0.16304230746951198,-0.19512783932934236,0.2762540135861412,1
-0.3789331781721176,-0.21431397247993245,0.17190722039230769,0.17160849044212176,1
0.8407180989832486,-0.35131815660705984,0.3945065445932019,0.33804294300623755,0
-0.5879205735615427,-0.3759407526425833,0.7521958605833811,-0.4026648267648909,1
-0.39497935421577,0.10754378561285696,-0.2870987210613176,-0.12197155615144087,1
-0.14851856928033555,0.43871592923748987,-0.5814195024412723,0.2050848407655479,1
0.43963079161917007,0.4984416377601984,0.35403115807157304,0.3929639056613576,0
0.2834994881056913,1.001083298452447,0.33765352336716037,0.06274034389281384,0
0.9998585788644176,-0.2003787570466502,-0.1439505076397947,-0.4119377834875794,0
-0.706659839831639,0.11871431057113707,0.11108020046158185,0.0705239423054813,1
-0.7048438655059868,0.10346566211226481,0.0782592571132978,-0.12207757306328704,1
-0.4890784986058804,0.17137940252955103,-0.05639410183149571,0.06970386058764494,1
-0.226202886054667,-0.00458548606660944,-0.39862305188419994,-0.19736386358712105,1
-0.5179656387474244,-0.17133776436107628,0.3552082725239225,0.19485165811058797,1
-0.5887656244163231,0.23192096121920533,-0.16049001727515802,0.0067181973354807495,1
0.40277674212879244,0.9450783277627748,0.12382091457558633,-0.07586628149521199,0
-0.6384025179730418,0.11164651179353038,-0.04185907238381123,-0.19890261711318818,1
-0.09822610841259719,0.35073670578386706,-0.760570276429035,0.08160472477711947,1
0.46476910438749386,-1.0679644288452892,-0.43915552092203297,0.20815452784122612,1
0.2808516516286723,0.5485942866151737,0.04345710242876989,-0.3533543397250108,0
0.47759192075516627,-1.0472477695936435,-0.18027342370059823,0.3493209522049952,1
0.5392454213695405,1.1039275001106217,0.007966480221914055,0.1419197910981463,0
1.0921015935757328,0.2194243686190632,-0.5399216561928732,-0.02158559012355722,0
0.9716491411457413,0.1750434952535728,-0.28311837908700505,-0.41655009961250145,0
0.5898265980430347,0.07170148398152024,0.1667918246024182,-0.3912316554523273,0
-0.4878256199006336,0.35195112490051056,-0.4593104036401056,-0.030864478214114865,1
1.073993116175984,-0.38394164630544103,0.05425865331216778,0.5127657875367984,0
0.7526957585810711,-0.32881323230607806,0.20137601370786884,-0.49095951993461634,0
-0.05273720860497161,-0.29838662726198584,-0.38264294409571104,-0.29307364628334054,1
0.3121032040052456,-0.5508010307310767,-0.47691756101841587,-0.019793601290346644,1
0.2949914337863566,-0.2947575518338195,-0.4320350216168799,0.2029177073306155,1
-0.7052506178613287,0.023110652012503563,0.2617153312281874,0.03603931645173861,1
0.18135689900423743,-0.8634020907991791,-0.6757791665652942,-0.24974283611095816,1
-0.17678756712132201,0.5217273758820609,-0.8144300197607698,-0.0017160835132521979,1
0.40511589229687917,-1.1733537225085255,-0.3078907096015438,0.23015854492900442,1
0.7124822776512322,0.07885727007187743,0.580810633495367,0.30020432162193955,0
1.0636827645480234,-0.5856918191654583,0.30223419348184166,0.2560245246377758,0
-0.7036611895664001,-0.0532916760687657,0.3105278451267023,0.21475508359229073,1
0.18104389993527853,0.2081740208521785,0.8093104140224655,-0.02885389423715369,0
-0.5595630730003593,0.17102131048922947,-0.024868356562174357,-0.0788898666681911,1
-0.789397674633317,-0.019098374120625677,0.05405735508102673,-0.3804584281335369,1
0.3604062280680118,0.8460993538551075,0.1291313191496286,0.1861178934118914,0
-0.627191745864775,0.43315175029381414,-0.2798087007315756,-0.14251839864807855,1
0.3651451042474966,0.16337845226523465,0.521197387902827,0.10523829187808442,0
0.29235283540266205,-1.1171502148678594,-0.055190156844321686,0.7098029219408984,1
-0.3620292533682842,0.2700826022761472,-0.29082133930361637,0.09262383170679857,1
-0.5093519355628071,-0.18146099433386612,0.32029468485691814,0.20604616239045415,1
-0.5893150447128728,-0.060757893241383795,0.19640644452370962,0.04532525608707119,1
-0.42456249146104963,0.3527933594910858,-0.21169397356468705,0.19267529533622946,1
0.6914800808091853,0.6055467966306574,-0.27726656326653637,0.18479775454868558,0
-0.07400435537327489,-0.6292977378118083,-0.030050607984127568,-0.048231859835978975,1
1.2752059869667116,-0.5829522621974804,-0.05587739738409332,0.060787169855275616,0
-0.39897356529881545,0.33933103012134824,-0.29769218970033196,-0.06507024072639891,1
0.8212837611278432,0.2110125504307603,-0.1826677863636364,-0.4219611658362215,0
-0.6686110973816549,-0.2652366295291699,0.3602676101701579,0.09184549576757302,1
0.9134107127266939,0.18983179157123067,-0.2624997078281733,0.008289422491282589,0
0.523146031930292,0.42198954215278267,0.30416268775787597,0.23487391912683242,0
-0.9266047956099017,-0.046663679233772376,0.9204904834774726,-0.15747594669415374,1
-0.20905121001208268,-0.04424297474908259,-0.2693818660218153,0.20047880974441434,1
-0.29483187046494697,-0.10603220954307163,0.04094950776528621,0.08841602517768625,1
-0.3639000819959606,0.24229181671440525,-0.3291441437924907,0.07631692940713806,1
0.799488540791455,-0.09597436380913016,0.04877325577985636,-0.07801628032727154,0
0.8283252891370148,0.3361965865434171,-0.03876629123237625,0.5376783167395534,0
-0.38655516484141783,-0.31749614708284224,0.6810534363908269,0.020412079992143083,1
-0.3783025959754347,-0.14680852835608782,-0.13834614028648778,-0.0017303211684766354,1
-0.31294332575575434,-0.2182974240626667,-0.3948441299796963,-0.39558216184580997,1
0.30900171852617847,-0.4982771866958555,1.3393427379317633,-0.7570027633993897,0
-0.4946349896410644,0.3085712354572571,-0.028900328500027855,-0.06891175675343095,1
0.9754184251867865,-0.40818135523128984,0.3816407769578798,0.15415785978304414,0
0.15376817608049587,0.6927807360435079,0.20199168212986301,-0.36214603185752897,0
-0.2634413178321821,0.2515239490179346,-0.1524260324954323,0.21326873373504143,1
-0.05417299030558358,-0.32109308886216764,-0.3153555806726964,0.07518674020789584,1
0.8499339965823253,-0.06074727131600063,0.07157921291062068,-0.5953034309752916,0
-0.5784592969626433,0.40306279274417417,-0.023466580557578914,0.17776668144231306,1
-0.4199862860820137,-0.3902837060175657,0.14715360615692213,0.23913572194650218,1
0.8888283271185131,0.5723532673124603,0.019835421615137194,-0.24757100686275296,0
0.6507069282983174,0.7588041516755608,-0.0841335212301627,0.05334209789429732,0
0.2767101669899214,-1.039712943195282,-0.2977131525157376,-0.20792539132209564,1
-0.5250755955735289,0.42312207069141633,-0.34919084953188717,-0.20479575290222274,1
0.7071462126749344,-0.1506180356041755,0.07472242921036575,-0.09570094072778138,0
-0.34126837005120025,-0.350969803013399,-0.21445538756643645,0.004441179388159662,1
-0.5389028643532536,0.4164011366139855,-0.2906966597618671,-0.07925114703736971,1
0.5202027145361574,0.4191989688966261,0.19967882127339598,0.25338361367431306,0
0.007602885363457976,-0.26694534380772295,-0.5301882009404301,0.06962402301353984,1
-0.21569990321140337,-0.41254527116608186,-0.11532719648095603,0.6606830986844452,1
-0.15011064505833283,-0.1490879525377531,-0.4593343200726743,-0.05897973883059555,1
-0.44292915274130323,0.31166872896165276,-0.3363617105704545,0.09952388599377619,1
-0.4938916389486296,0.2919469072922235,-0.16915110848543105,0.34130884862175914,1
-0.3412787360850139,-0.03187165014976659,0.12438113206757431,0.6431948677546959,1
-0.7056924808623661,-0.18140414705527844,0.41346730374041285,0.011836996450915724,1
0.4385391281801169,0.2934738235211127,0.24144499410287465,0.0712584851943911,0
0.44632519200112164,-0.08505034543232173,0.4906335262185967,-0.17105949800022957,0
0.5281467140743352,0.8817843653465907,-0.08142756837150988,0.14297067926241863,0
-0.5693042217785049,0.2013851792394565,-0.056074002987636734,-0.15315472791936094,1
-0.13154169019994405,-0.6167566798302062,0.01689245286356056,0.5199595727548401,1
-0.42411702124107953,-0.09957375113738415,-0.127825522698596,-0.2859564142277767,1
-0.542671774003454,0.3498947878122739,-0.25062131386773845,0.25904466500485634,1
-0.08819240209014101,-0.6644184526082709,-0.2894501822984688,-0.4136651746490552,1
-0.576410320356464,0.17389775846254538,-0.01906299458687137,-0.09914673180663791,1
0.357246449796066,0.07077145792615472,0.5006968376226603,0.30980218171658674,0
1.1273684710492078,-0.12735648227737503,-0.3178787179680239,-0.5291780563566049,0
-0.5222593068795605,-0.023346549661318827,0.12706911079624364,-0.2127839139443783,1
-0.6397373969511546,0.13092329920676635,0.09753137438132138,0.034697038861114346,1
0.9823547666852495,-0.3640573810672131,0.18817708972956426,0.10492585875466276,0
0.5743757813846441,-0.4032986168758726,-0.8442370211913635,-0.4285923851770581,1
0.33101180544716835,-0.7885325610902669,-0.6412860636404247,-0.474205811889438,1
0.42327525377945796,0.7696497274869339,-0.1033069608409965,0.13248083684134854,0
-0.39311235995383514,0.29687781592784673,-0.513143716412686,-0.17428479004679132,1
0.70335730687891,0.5166526310727969,0.16904199940956863,0.2958583437829797,0
0.8242713663609758,-0.3487519317183201,0.5843803446044749,0.3020898760820648,0
0.3496065418743226,0.36554362645205013,0.5881292421257736,0.003145454471867301,0
-0.400204839430903,0.2557681314199187,-0.39049323534854874,0.08505406139333273,1
-0.5174710333681554,-0.09099547274309619,0.04147918237931047,-0.08678871339141331,1
0.5307387993813001,1.2302700054443527,-0.36466401266874865,0.2742978065095822,0
0.9460757650813237,-0.08148894258183557,0.014790349667014632,-0.1201368293452844,0
0.518101132954828,0.6739891092593905,-0.15313074296010293,0.08958704601849962,0
0.11207006869596302,-0.31243323814027635,-0.5955663669664363,-0.056299946251998745,1
0.5087568495339974,-0.006172614137907262,0.49200098951858434,0.5722678660859364,0
-0.5504191971424592,-0.10474311378339213,0.14129174933446625,0.32522617752088373,1
1.2891205506542183,-0.4644258561969508,0.14038899063933272,0.7673021921790932,0
-0.6312977485782467,0.10732658916898347,0.01266692586067169,-0.22973054577508623,1
1.050265848309711,-0.02312334363608992,-0.009100030688409304,-0.16342999422534255,0
-0.21468790804270146,-0.8386466961879842,0.1981858421670719,-0.27807571502890793,1
0.48512377197799783,-0.7994640511149107,-0.8577727574463382,-0.33476896162077113,1
-0.41285906593659416,0.07271089593840047,-0.13763509670764998,0.06769598149311173,1
-0.25091799452704283,-0.1940569373823214,-0.177239776574106,-0.04177881344266448,1
0.44462867658621663,-0.003397263826798086,0.6442219710624362,0.3966501556232098,0
-0.6433175700580602,0.1255610760938436,-0.09979628218909471,-0.06786597762773089,1
